commodity_id,src,dst,demand,u,v,flow
0,14762,13502,1.0,14762,10575,1.0
0,14762,13502,1.0,19545,11484,1.0
0,14762,13502,1.0,11484,10757,1.0
0,14762,13502,1.0,11177,13502,1.0
0,14762,13502,1.0,10575,19545,1.0
0,14762,13502,1.0,10757,11177,1.0
1,19545,18935,287.0,14762,13009,75.99999999999993
1,19545,18935,287.0,19545,14762,54.999999999999694
1,19545,18935,287.0,19545,13009,211.00000000000006
1,19545,18935,287.0,19545,13502,21.000000000000234
1,19545,18935,287.0,13009,18935,287.0
1,19545,18935,287.0,13502,14762,21.000000000000234
2,13009,10575,300.0,14762,10575,300.0
2,13009,10575,300.0,13009,14762,300.0
3,16313,18935,122.0,13009,18935,111.99999999999893
3,16313,18935,122.0,16313,18935,10.000000000001052
3,16313,18935,122.0,16313,10045,111.99999999999893
3,16313,18935,122.0,10045,13009,111.99999999999893
4,18935,11581,1.0,14762,11484,1.0
4,18935,11581,1.0,19545,14762,1.0
4,18935,11581,1.0,13009,10045,1.0
4,18935,11581,1.0,18935,13009,1.0
4,18935,11581,1.0,10045,19545,1.0
4,18935,11581,1.0,11484,10757,1.0
4,18935,11581,1.0,10305,11581,1.0
4,18935,11581,1.0,10757,10305,1.0
5,10045,11484,300.0,14762,11484,247.0000000000001
5,10045,11484,300.0,19545,11484,52.9999999999999
5,10045,11484,300.0,10045,14762,247.0000000000001
5,10045,11484,300.0,10045,19545,52.9999999999999
6,18249,13009,1.0,14762,13009,1.0
6,18249,13009,1.0,18249,14762,1.0
7,19545,11177,1.0,19545,11484,1.0
7,19545,11177,1.0,11484,11177,1.0
8,16313,12398,1.0,14762,12398,1.0
8,16313,12398,1.0,16313,10045,1.0
8,16313,12398,1.0,10045,14762,1.0
9,13502,13009,1.0,14762,13009,1.0
9,13502,13009,1.0,13502,14762,1.0
10,19545,10757,67.0,19545,11484,67.0
10,19545,10757,67.0,11484,10757,67.0
11,13502,10379,28.0,13502,10379,27.999999999999996
12,18249,11177,1.0,14762,11484,1.0
12,18249,11177,1.0,18249,14762,1.0
12,18249,11177,1.0,11484,11177,1.0
13,11484,19545,1.0,14762,19545,1.0
13,11484,19545,1.0,13502,14762,1.0
13,11484,19545,1.0,11484,10757,1.0
13,11484,19545,1.0,10305,11581,1.0
13,11484,19545,1.0,11177,13502,1.0
13,11484,19545,1.0,11581,11177,1.0
13,11484,19545,1.0,10757,10305,1.0
14,13009,13502,1.0,13009,18935,1.0
14,13009,13502,1.0,18935,18249,1.0
14,13009,13502,1.0,18249,18545,1.0
14,13009,13502,1.0,18545,13502,1.0
15,19545,14762,1.0,19545,14762,1.0
16,13502,12398,261.0,14762,12398,261.0
16,13502,12398,261.0,13502,14762,261.0
17,10045,10575,69.0,14762,10575,69.0
17,10045,10575,69.0,10045,14762,69.0
18,19545,11581,1.0,19545,11484,1.0
18,19545,11581,1.0,11484,10757,1.0
18,19545,11581,1.0,10305,11581,1.0
18,19545,11581,1.0,10757,10305,1.0
19,10305,13502,88.0,10305,11581,88.0
19,10305,13502,88.0,11177,13502,88.0
19,10305,13502,88.0,11581,11177,88.0
20,18249,18545,43.0,18249,18545,43.0
21,13009,18647,91.0,14762,11484,90.99999999999999
21,13009,18647,91.0,13009,14762,76.0
21,13009,18647,91.0,13009,18935,14.999999999999993
21,13009,18647,91.0,18935,18249,14.999999999999998
21,13009,18647,91.0,18249,18545,14.999999999999998
21,13009,18647,91.0,11484,18647,90.99999999999999
21,13009,18647,91.0,18545,14762,15.000000000000002
22,18935,13009,45.0,18935,13009,45.0
23,13502,11581,1.0,18249,18545,1.0
23,13502,11581,1.0,13502,18249,1.0
23,13502,11581,1.0,10305,11581,1.0
23,13502,11581,1.0,18545,10757,1.0
23,13502,11581,1.0,10757,10305,1.0
24,19545,11484,1.0,19545,11484,1.0
25,18249,19545,1.0,14762,11484,1.0
25,18249,19545,1.0,18249,14762,1.0
25,18249,19545,1.0,11484,19545,1.0
26,18545,10045,236.0,14762,10045,236.0
26,18545,10045,236.0,18249,14762,52.99999999999998
26,18545,10045,236.0,13502,14762,98.00000000000001
26,18545,10045,236.0,18545,14762,84.99999999999999
26,18545,10045,236.0,18545,18249,52.99999999999998
26,18545,10045,236.0,18545,13502,98.00000000000001
27,18935,19545,259.0,14762,19545,148.99999999999986
27,18935,19545,259.0,13009,14762,148.99999999999986
27,18935,19545,259.0,13009,10045,110.00000000000011
27,18935,19545,259.0,18935,13009,259.0
27,18935,19545,259.0,10045,19545,110.00000000000011
28,10045,13502,1.0,10045,13502,1.0
29,19545,18249,300.0,19545,13502,300.0
29,19545,18249,300.0,13502,18249,300.0
30,13502,19545,168.0,14762,10045,144.99999999999895
30,13502,19545,168.0,14762,11484,23.00000000000104
30,13502,19545,168.0,10045,19545,144.99999999999895
30,13502,19545,168.0,13502,14762,168.0
30,13502,19545,168.0,11484,19545,23.00000000000104
31,13009,12398,300.0,14762,12398,300.0
31,13009,12398,300.0,13009,14762,300.0
32,19545,10379,300.0,19545,13502,231.99999999999974
32,19545,10379,300.0,19545,11484,68.00000000000027
32,19545,10379,300.0,13502,10379,231.99999999999974
32,19545,10379,300.0,11484,10379,68.00000000000027
33,16313,18545,1.0,16313,18935,1.0
33,16313,18545,1.0,18935,18249,1.0
33,16313,18545,1.0,18249,18545,1.0
34,10305,11581,300.0,10305,11581,300.0
35,13502,11177,1.0,14762,11484,1.0
35,13502,11177,1.0,13502,14762,1.0
35,13502,11177,1.0,11484,11177,1.0
36,18249,12398,1.0,14762,12398,1.0
36,18249,12398,1.0,18249,14762,1.0
37,16313,18249,300.0,13009,18249,300.0
37,16313,18249,300.0,16313,10045,300.0
37,16313,18249,300.0,10045,13009,300.0
38,18935,18249,300.0,13009,18249,95.99999999999986
38,18935,18249,300.0,18935,13009,95.99999999999983
38,18935,18249,300.0,18935,18249,204.00000000000017
39,19545,13009,300.0,19545,13009,300.0
40,16313,11581,300.0,14762,11484,271.999999999999
40,16313,11581,300.0,19545,18647,28.000000000001002
40,16313,11581,300.0,16313,10045,300.0
40,16313,11581,300.0,10045,14762,271.999999999999
40,16313,11581,300.0,10045,19545,28.000000000001002
40,16313,11581,300.0,11484,11581,299.0
40,16313,11581,300.0,11484,10757,0.9999999999999973
40,16313,11581,300.0,10305,11581,0.9999999999999973
40,16313,11581,300.0,18647,11484,28.000000000001002
40,16313,11581,300.0,10757,10305,0.9999999999999973
41,14412,10045,300.0,14412,10045,300.0
42,13502,11484,1.0,14762,19545,1.0
42,13502,11484,1.0,19545,10575,1.0
42,13502,11484,1.0,13502,14762,1.0
42,13502,11484,1.0,10575,11484,1.0
43,11177,13502,300.0,11177,13502,300.0
44,13009,18249,1.0,13009,18249,1.0
45,10045,18647,300.0,14762,11484,300.0
45,10045,18647,300.0,10045,14762,300.0
45,10045,18647,300.0,11484,18647,300.0
46,18935,11177,271.0,14762,11484,271.0
46,18935,11177,271.0,13009,14762,271.0
46,18935,11177,271.0,18935,13009,271.0
46,18935,11177,271.0,11484,11177,271.0
47,16313,10575,91.0,14762,10575,90.99999999999999
47,16313,10575,91.0,16313,10045,90.99999999999999
47,16313,10575,91.0,10045,14762,90.99999999999999
48,19545,10575,300.0,14762,10575,0.9999999999999973
48,19545,10575,300.0,19545,14762,0.9999999999999973
48,19545,10575,300.0,19545,10575,299.0
49,18935,18647,1.0,14762,11484,1.0
49,18935,18647,1.0,13009,14762,1.0
49,18935,18647,1.0,18935,13009,1.0
49,18935,18647,1.0,11484,18647,1.0
50,19545,12398,1.0,14762,12398,1.0
50,19545,12398,1.0,19545,14762,1.0
51,10045,19545,63.0,10045,19545,63.0
52,18249,11581,1.0,18249,18545,1.0
52,18249,11581,1.0,10305,11581,1.0
52,18249,11581,1.0,18545,10757,1.0
52,18249,11581,1.0,10757,10305,1.0
53,13009,18545,1.0,13009,18249,1.0
53,13009,18545,1.0,18249,18545,1.0
54,18935,10379,39.0,14762,11484,10.999999999999746
54,18935,10379,39.0,13009,14762,10.999999999999746
54,18935,10379,39.0,18935,13009,10.999999999999746
54,18935,10379,39.0,18935,10379,28.000000000000252
54,18935,10379,39.0,11484,10379,10.999999999999746
55,16313,18647,193.0,19545,18647,193.0
55,16313,18647,193.0,16313,10045,193.0
55,16313,18647,193.0,10045,19545,193.0
56,18935,18545,1.0,18935,18249,1.0
56,18935,18545,1.0,18249,18545,1.0
57,18935,10757,300.0,14762,11484,216.0
57,18935,10757,300.0,13009,14762,216.00000000000006
57,18935,10757,300.0,18935,13009,216.00000000000006
57,18935,10757,300.0,18935,18249,84.0
57,18935,10757,300.0,18249,18545,84.0
57,18935,10757,300.0,11484,10757,216.0
57,18935,10757,300.0,18545,10757,84.0
58,13009,10757,1.0,13009,18249,1.0
58,13009,10757,1.0,18249,18545,1.0
58,13009,10757,1.0,18545,10757,1.0
59,19545,14412,1.0,19545,11484,1.0
59,19545,14412,1.0,11484,18647,1.0
59,19545,14412,1.0,18647,14412,1.0
60,13009,11177,211.0,14762,11484,210.99999999999997
60,13009,11177,211.0,13009,14762,210.99999999999997
60,13009,11177,211.0,11484,11177,210.99999999999997
61,18249,13502,237.0,14762,13502,37.999999999999986
61,18249,13502,237.0,18249,14762,37.999999999999986
61,18249,13502,237.0,18249,13502,199.0
62,13009,10045,300.0,13009,10045,300.0
63,19545,18647,43.0,19545,18647,43.0
64,13502,10575,119.0,14762,10575,119.0
64,13502,10575,119.0,13502,14762,119.0
65,11581,10305,188.0,11581,10305,188.0
66,19545,10045,1.0,14762,10045,1.0
66,19545,10045,1.0,19545,13502,1.0
66,19545,10045,1.0,13502,14762,1.0
67,16313,10379,300.0,13009,18935,17.999999999999822
67,16313,10379,300.0,16313,10045,300.0
67,16313,10379,300.0,18935,10379,17.999999999999822
67,16313,10379,300.0,10045,13009,17.999999999999822
67,16313,10379,300.0,10045,13502,282.00000000000017
67,16313,10379,300.0,13502,10379,282.00000000000017
68,16313,14412,1.0,14762,11484,1.0
68,16313,14412,1.0,16313,10045,1.0
68,16313,14412,1.0,10045,14762,1.0
68,16313,14412,1.0,11484,14412,1.0
69,13009,14762,1.0,13009,14762,1.0
70,13009,18935,1.0,13009,18935,1.0
71,18249,10379,1.0,18249,13502,1.0
71,18249,10379,1.0,13502,10379,1.0
72,10045,11177,185.0,14762,11484,185.0
72,10045,11177,185.0,10045,14762,185.0
72,10045,11177,185.0,11484,11177,185.0
73,16313,13009,1.0,16313,18935,1.0
73,16313,13009,1.0,18935,13009,1.0
74,13502,14762,1.0,13502,14762,1.0
75,13502,10757,1.0,14762,11484,1.0
75,13502,10757,1.0,13502,14762,1.0
75,13502,10757,1.0,11484,10757,1.0
76,19545,13502,146.0,19545,13502,146.0
77,16313,11484,1.0,19545,11484,1.0
77,16313,11484,1.0,16313,10045,1.0
77,16313,11484,1.0,10045,19545,1.0
78,16313,10757,300.0,14762,11484,300.0
78,16313,10757,300.0,16313,10045,300.0
78,16313,10757,300.0,10045,14762,300.0
78,16313,10757,300.0,11484,10757,300.0
79,13502,18545,122.0,18249,18545,121.99999999999999
79,13502,18545,122.0,13502,18249,121.99999999999999
80,13009,11581,1.0,14762,11484,1.0
80,13009,11581,1.0,13009,14762,1.0
80,13009,11581,1.0,11484,11581,1.0
81,16313,19545,300.0,16313,10045,300.0
81,16313,19545,300.0,10045,19545,300.0
82,10045,10757,1.0,14762,11484,1.0
82,10045,10757,1.0,10045,14762,1.0
82,10045,10757,1.0,11484,10757,1.0
83,18935,12398,97.0,14762,12398,97.0
83,18935,12398,97.0,13009,14762,97.0
83,18935,12398,97.0,18935,13009,97.0
84,18647,10045,1.0,14762,10045,1.0
84,18647,10045,1.0,19545,14762,1.0
84,18647,10045,1.0,11484,19545,1.0
84,18647,10045,1.0,18647,11484,1.0
85,13009,10379,58.0,14762,11484,4.000000000000051
85,13009,10379,58.0,13009,18935,58.0
85,13009,10379,58.0,18935,18249,4.000000000000045
85,13009,10379,58.0,18935,10379,53.99999999999996
85,13009,10379,58.0,18249,14762,4.000000000000045
85,13009,10379,58.0,13502,10379,4.000000000000051
85,13009,10379,58.0,11484,10757,4.000000000000051
85,13009,10379,58.0,11177,13502,4.000000000000051
85,13009,10379,58.0,10757,11177,4.000000000000051
86,18249,18935,1.0,14762,13009,1.0
86,18249,18935,1.0,13009,18935,1.0
86,18249,18935,1.0,18249,14762,1.0
87,18935,10575,300.0,14762,10575,300.0
87,18935,10575,300.0,13009,14762,300.0
87,18935,10575,300.0,18935,13009,300.0
88,10379,13502,300.0,10379,13502,300.0
89,10045,11581,300.0,14762,11484,300.0
89,10045,11581,300.0,10045,14762,300.0
89,10045,11581,300.0,11484,11581,300.0
90,13502,18647,300.0,14762,19545,7.000000000000835
90,13502,18647,300.0,14762,11484,292.99999999999915
90,13502,18647,300.0,19545,18647,7.000000000000835
90,13502,18647,300.0,13502,14762,300.0
90,13502,18647,300.0,11484,18647,292.99999999999915
91,13502,14412,1.0,14762,11484,1.0
91,13502,14412,1.0,13502,14762,1.0
91,13502,14412,1.0,11484,14412,1.0
92,10045,18545,300.0,14762,18545,300.0
92,10045,18545,300.0,10045,14762,300.0
93,13009,14412,1.0,14762,11484,1.0
93,13009,14412,1.0,13009,14762,1.0
93,13009,14412,1.0,11484,14412,1.0
94,13502,10045,1.0,14762,10045,1.0
94,13502,10045,1.0,13502,14762,1.0
95,19545,18545,300.0,19545,11484,300.0
95,19545,18545,300.0,11484,18545,300.0
96,16313,14762,1.0,16313,10045,1.0
96,16313,14762,1.0,10045,14762,1.0
97,12398,10045,300.0,14762,10045,11.00000000000005
97,12398,10045,300.0,19545,14762,11.00000000000005
97,12398,10045,300.0,19545,13009,88.99999999999993
97,12398,10045,300.0,13009,10045,88.99999999999993
97,12398,10045,300.0,14412,10045,200.00000000000003
97,12398,10045,300.0,12398,19545,99.99999999999999
97,12398,10045,300.0,12398,14412,200.0
98,10045,13009,300.0,10045,13009,300.0
99,18545,13502,1.0,18545,13502,1.0
100,10045,18249,1.0,13009,18249,1.0
100,10045,18249,1.0,10045,13009,1.0
101,10045,12398,1.0,14762,12398,1.0
101,10045,12398,1.0,10045,14762,1.0
102,13009,11484,163.0,14762,11484,163.0
102,13009,11484,163.0,13009,14762,163.0
103,10045,10379,253.0,14762,13502,130.00000000000028
103,10045,10379,253.0,19545,11484,5.9999999999999165
103,10045,10379,253.0,10045,14762,130.00000000000028
103,10045,10379,253.0,10045,19545,5.9999999999999165
103,10045,10379,253.0,10045,13502,116.9999999999998
103,10045,10379,253.0,13502,10379,253.0
103,10045,10379,253.0,11484,10757,5.999999999999921
103,10045,10379,253.0,10305,11581,5.999999999999921
103,10045,10379,253.0,11177,13502,5.999999999999921
103,10045,10379,253.0,11581,11177,5.999999999999921
103,10045,10379,253.0,10757,10305,5.999999999999921
104,18249,10045,300.0,18249,10045,300.0
105,10045,18935,1.0,13009,18935,1.0
105,10045,18935,1.0,10045,13009,1.0
106,10379,10045,95.0,10379,10045,94.99999999999999
107,13502,18249,239.0,13502,18249,239.0
108,10045,14762,300.0,10045,14762,300.0
109,10045,14412,1.0,14762,11484,1.0
109,10045,14412,1.0,10045,14762,1.0
109,10045,14412,1.0,11484,14412,1.0
110,16313,11177,300.0,14762,11484,300.0
110,16313,11177,300.0,16313,10045,300.0
110,16313,11177,300.0,10045,14762,300.0
110,16313,11177,300.0,11484,11177,300.0
111,13502,18935,300.0,14762,18935,300.0
111,13502,18935,300.0,13502,14762,300.0
112,18935,11484,1.0,14762,11484,1.0
112,18935,11484,1.0,13009,14762,1.0
112,18935,11484,1.0,18935,13009,1.0
113,10575,19545,108.0,11484,19545,8.999999999999998
113,10575,19545,108.0,10575,19545,99.0
113,10575,19545,108.0,10575,11484,8.999999999999998
114,18935,14762,201.0,13009,14762,201.0
114,18935,14762,201.0,18935,13009,201.0
